<?xml version="1.0" encoding="UTF-8"?>
<model package="tagger" baseClass="xPDOObject" platform="mysql" defaultEngine="MyISAM" phpdoc-package="tagger" version="1.1">
    <object class="TaggerGroup" table="tagger_groups" extends="xPDOSimpleObject">
        <field key="name" dbtype="varchar" precision="100" phptype="string" null="false" />
        <field key="alias" dbtype="varchar" precision="100" phptype="string" null="false" />
        <field key="field_type" dbtype="varchar" precision="100" phptype="string" null="false" />
        <field key="allow_new" dbtype="tinyint" attributes="unsigned" precision="1" phptype="boolean" null="false" default="0" />
        <field key="remove_unused" dbtype="tinyint" attributes="unsigned" precision="1" phptype="boolean" null="false" default="0" />
        <field key="allow_blank" dbtype="tinyint" attributes="unsigned" precision="1" phptype="boolean" null="false" default="0" />
        <field key="allow_type" dbtype="tinyint" attributes="unsigned" precision="1" phptype="boolean" null="false" default="0" />
        <field key="show_autotag" dbtype="tinyint" attributes="unsigned" precision="1" phptype="boolean" null="false" default="0" />
        <field key="hide_input" dbtype="tinyint" attributes="unsigned" precision="1" phptype="boolean" null="false" default="0" />
        <field key="tag_limit" dbtype="int" attributes="unsigned" precision="10" phptype="integer" null="false" default="0" />
        <field key="show_for_templates" dbtype="text" phptype="string" null="false" default="" />
        <field key="place" dbtype="varchar" precision="100" phptype="string" null="false" default="in-tab" />
        <field key="position" dbtype="int" attributes="unsigned" precision="10" phptype="integer" null="false" default="0" />
        <field key="description" dbtype="text" phptype="string" null="false" default="" />

        <composite alias="Tags" class="TaggerTag" local="id" foreign="group" cardinality="many" owner="local" />
    </object>

    <object class="TaggerTag" table="tagger_tags" extends="xPDOSimpleObject">
        <field key="tag" dbtype="varchar" precision="100" phptype="string" null="false" />
        <field key="alias" dbtype="varchar" precision="100" phptype="string" null="false" />
        <field key="group" dbtype="integer" attributes="unsigned" precision="10" phptype="int" null="false" />

        <index alias="iTagGroup" name="iTagGroup" primary="false" unique="true" type="BTREE">
            <column key="tag" length="" collation="A" null="false" />
            <column key="group" length="" collation="A" null="false" />
        </index>

        <index alias="iTag" name="iTag" primary="false" unique="false" type="BTREE">
            <column key="tag" length="" collation="A" null="false" />
        </index>

        <index alias="iAlias" name="iAlias" primary="false" unique="false" type="BTREE">
            <column key="alias" length="" collation="A" null="false" />
        </index>

        <index alias="iGroup" name="iGroup" primary="false" unique="false" type="BTREE">
            <column key="group" length="" collation="A" null="false" />
        </index>

        <aggregate alias="Group" class="TaggerGroup" local="group" foreign="id" cardinality="one" owner="foreign" />
        <composite alias="Resources" class="TaggerTagResource" local="id" foreign="tag" cardinality="many" owner="local" />
    </object>

    <object class="TaggerTagResource" table="tagger_tag_resources" extends="xPDOObject">
        <field key="tag" dbtype="integer" attributes="unsigned" precision="10" phptype="int" null="false" index="pk" />
        <field key="resource" dbtype="integer" attributes="unsigned" precision="10" phptype="int" null="false" index="pk" />

        <index alias="PRIMARY" name="PRIMARY" primary="true" unique="true" type="BTREE">
            <column key="tag" length="" collation="A" null="false" />
            <column key="resource" length="" collation="A" null="false" />
        </index>

        <aggregate alias="Tag" class="TaggerTag" local="tag" foreign="id" cardinality="one" owner="foreign" />
        <aggregate alias="Resource" class="modResource" local="resource" foreign="id" cardinality="one" owner="foreign" />
    </object>
</model>
